Symbol,Name,trading_name ,Sector,,,
2030,Saudi Arabia Refineries Co.,SARCO,Energy,,,
2222,Saudi Arabian Oil Co.,SAUDI ARAMCO,Energy,,,
2380,Rabigh Refining and Petrochemical Co.,PETRO RABIGH,Energy,,,
4030,National Shipping Company of Saudi Arabia,BAHRI,Energy,,,
4200,Aldrees Petroleum and Transport Services Co.,ALDREES,Energy,,,
1201,Takween Advanced Industries Co.,TAKWEEN,Materials,,,
1202,Middle East Paper Co.,MEPCO,Materials,,, 
1210,Basic Chemical Industries Co.,BCI,Materials,,,
1211,Saudi Arabian Mining Co.,MAADEN,Materials,,,
1301,United Wire Factories Co.,ASLAK,Materials,,,
1304,Al Yamamah Steel Industries Co.,ALYAMAMAH STEEL,Materials,,,
1320,Saudi Steel Pipe Co.,SSP,Materials,,,
2001,Methanol Chemicals Co.,CHEMANOL,Materials,,,
2002,National Petrochemical Co.,PETROCHEM,Materials,,,
2010,Saudi Basic Industries Corp.,SABIC,Materials,,,
2020,Saudi Arabian Fertilizer Co.,SAFCO,Materials,,,
2060,National Industrialization Co.,TASNEE,Materials,,,
2090,National Gypsum Co.,NGC,Materials,,,
2150,The National Company for Glass Industries,ZOUJAJ,Materials,,,
2170,Alujain Holding Corp.,ALUJAIN,Materials,,,
2180,Filing and Packing Materials Manufacturing Co.,FIPCO,Materials,,,
2200,Arabian Pipes Co.,APC,Materials,,,
2210,Nama Chemicals Co.,NAMA CHEMICALS,Materials,,,
2220,National Metal Manufacturing and Casting Co.,MAADANIYAH,Materials,,,
2240,Zamil Industrial Investment Co.,ZAMIL INDUST,Materials,,,
2250,Saudi Industrial Investment Group,SIIG,Materials,,,
2290,Yanbu National Petrochemical Co.,YANSAB,Materials,,,
2300,Saudi Paper Manufacturing Co.,SPM,Materials,,,
2310,Sahara International Petrochemical Co.,SIPCHEM,Materials,,,
2330,Advanced Petrochemical Co.,ADVANCED,Materials,,,
2350,Saudi Kayan Petrochemical Co.,SAUDI KAYAN,Materials,,,
3001,Hail Cement Co.,HCC,Materials,,,
3002,Najran Cement Co.,NAJRAN CEMENT,Materials,,,
3003,City Cement Co.,CITY CEMENT,Materials,,,
3004,Northern Region Cement Co.,NORTHERN CEMENT,Materials,,,
3005,Umm Al-Qura Cement Co.,UACC,Materials,,,
3007,Zahrat Al Waha for Trading Co.,OASIS,Materials,,,
3008,Al Kathiri Holding Co.,ALKATHIRI,Materials,,,
3010,Arabian Cement Co.,ACC,Materials,,,
3020,Yamama Cement Co.,YSCC,Materials,,,
3030,Saudi Cement Co.,SAUDI CEMENT,Materials,,,
3040,Qassim Cement Co.,QACCO,Materials,,,
3050,Southern Province Cement Co.,SPCC,Materials,,,
3060,Yanbu Cement Co.,YCC,Materials,,,
3080,Eastern Province Cement Co.,EPCCO,Materials,,,
3090,Tabuk Cement Co.,TCC,Materials,,,
3091,Al Jouf Cement Co.,JOUF CEMENT,Materials,,,
1212,Astra Industrial Group,ASTRA INDUSTRIAL,Industrials,,,
1302,Bawan Co.,BAWAN,Industrials,,,
1303,Electrical Industries Co.,EIC,Industrials,,,
1330,Abdullah A. M. Al-Khodari Sons Co.,ALKHODARI,Industrials,,,
2040,Saudi Ceramic Co.,SAUDI CERAMICS,Industrials,,,
2110,Saudi Cable Co.,SAUDI CABLE,Industrials,,,
2140,Al-Ahsa Development Co.,ADC,Industrials,,,
2160,Saudi Arabian Amiantit Co.,AMIANTIT,Industrials,,,
2320,Al-Babtain Power and Telecommunication Co.,ALBABTAIN,Industrials,,,
2360,Saudi Vitrified Clay Pipes Co.,SVCP,Industrials,,,
2370,Middle East Specialized Cables Co.,MESC,Industrials,,,
4140,Saudi Industrial Export Co.,SIECO,Industrials,,,
1831,Maharah Human Resources Co.,MAHARAH,Industrials,,,
4270,Saudi Printing and Packaging Co.,SPPC,Industrials,,,
6004,Saudi Airlines Catering Co.,CATERING,Industrials,,,
2190,Saudi Industrial Services Co.,SISCO,Industrials,,,
4031,Saudi Ground Services Co.,SGS,Industrials,,,
4040,Saudi Public Transport Co.,SAPTCO,Industrials,,,
4110,Batic Investments and Logistics Co.,BATIC,Industrials,,,
4260,United International Transportation Co.,BUDGET SAUDI,Industrials,,,
1213,Al Sorayai Trading and Industrial Group,ALSORAYAI GROUP,Consumer Discretionary,,,
2130,Saudi Industrial Development Co.,SIDC,Consumer Discretionary,,,
2340,Al Abdullatif Industrial Investment Co.,ALABDULLATIF,Consumer Discretionary,,,
4011,Lazurde Company for Jewelry,LAZURDE,Consumer Discretionary,,,
4012,Thob Al Aseel Co.,ALASEEL,Consumer Discretionary,,,
4180,Fitaihi Holding Group,FITAIHI GROUP,Consumer Discretionary,,,
1810,Seera Group Holding,SEERA,Consumer Discretionary,,,
1820,Abdulmohsen Alhokair Group for Tourism and Development,ALHOKAIR GROUP,Consumer Discretionary,,,
1830,Leejam Sports Co.,FITNESS TIME,Consumer Discretionary,,,
4010,Dur Hospitality Co.,DUR,Consumer Discretionary,,,
4170,Tourism Enterprise Co.,TECO,Consumer Discretionary,,,
4290,Alkhaleej Training and Education Co.,ALKHALEEJ TRNG,Consumer Discretionary,,,
4291,National Company for Learning and Education,NCLE,Consumer Discretionary,,,
4292,Ataa Educational Co.,ATAA,Consumer Discretionary,,,
6002,Herfy Food Services Co.,HERFY FOODS,Consumer Discretionary,,,
6012,Raydan Food Co.,RAYDAN,Consumer Discretionary,,,
4070,Tihama Advertising and Public Relations Co.,TAPRCO,Communication Services,,,
4210,Saudi Research and Marketing Group,SRMG,Communication Services,,,
1214,Al Hassan Ghazi Ibrahim Shaker Co.,SHAKER,Consumer Discretionary,,,
4003,United Electronics Co.,EXTRA,Consumer Discretionary,,,
4008,Saudi Company for Hardware,SACO,Consumer Discretionary,,,
4050,Saudi Automotive Services Co.,SASCO,Consumer Discretionary,,,
4051,Baazeem Trading Co.,BAAZEEM,Consumer Discretionary,,,
4190,Jarir Marketing Co.,JARIR,Consumer Discretionary,,,
4191,Abdullah Saad Mohammed Abo Moati for Bookstores Co.,ABO MOATI,Consumer Discretionary,,,
4240,Fawaz Abdulaziz Alhokair Co.,ALHOKAIR,Consumer Discretionary,,,
4001,Abdullah Al Othaim Markets Co.,A.OTHAIM MARKET,Consumer Staples,,,
4006,Saudi Marketing Co.,FARM SUPERSTORES,Consumer Staples,,,
4061,Anaam International Holding Group,ANAAM HOLDING,Consumer Staples,,,
4160,National Agricultural Marketing Co.,THIMAR,Consumer Staples,,,
2050,Savola Group,SAVOLA GROUP,Consumer Staples,,,
2100,Wafrah for Industry and Development Co.,WAFRAH,Consumer Staples,,,
2270,Saudia Dairy and Foodstuff Co.,SADAFCO,Consumer Staples,,,
2280,Almarai Co.,ALMARAI,Consumer Staples,,,
6001,Halwani Bros. Co.,HB,Consumer Staples,,,
6010,National Agricultural Development Co.,NADEC,Consumer Staples,,,
6020,Al Gassim Investment Holding Co.,GACO,Consumer Staples,,,
6040,Tabuk Agricultural Development Co.,TADCO,Consumer Staples,,,
6050,Saudi Fisheries Co.,SFICO,Consumer Staples,,,
6060,Ash-Sharqiyah Development Co.,SHARQIYAH DEV,Consumer Staples,,,
6070,Al-Jouf Agricultural Development Co.,ALJOUF,Consumer Staples,,,
6090,Jazan Energy and Development Co.,JAZADCO,Consumer Staples,,,
2230,Saudi Chemical Co.,CHEMICAL,Health Care,,,
4002,Mouwasat Medical Services Co.,MOUWASAT,Health Care,,,
4004,Dallah Healthcare Co.,DALLAH HEALTH,Health Care,,,
4005,National Medical Care Co.,CARE,Health Care,,,
4007,Al Hammadi Company for Development and Investment,ALHAMMADI,Health Care,,,
4009,Middle East Healthcare Co.,SAUDI GERMAN HOSPTL,Health Care,,,
2070,Saudi Pharmaceutical Industries and Medical Appliances Corp.,SPIMACO,Health Care,,,
1010,Riyad Bank,RIBL,Financials,,,
1020,Bank Aljazira,BJAZ,Financials,,,
1030,Saudi Investment Bank,SAIB,Financials,,,
1050,Banque Saudi Fransi,BSFR,Financials,,,
1060,Saudi British Bank,SABB,Financials,,,
1080,Arab National Bank,ANB,Financials,,,
1090,Samba Financial Group,SAMBA,Financials,,,
1120,Al Rajhi Bank,ALRAJHI,Financials,,,
1140,Bank Albilad,ALBILAD,Financials,,,
1150,Alinma Bank,ALINMA,Financials,,,
1180,National Commercial Bank,NCB,Financials,,,
2120,Saudi Advanced Industries Co.,SAIC,Financials,,,
4080,"Aseer Trading, Tourism and Manufacturing Co.",ASEER,Financials,,,
4130,Al-Baha Investment and Development Co.,ALBAHA,Financials,,,
4280,Kingdom Holding Co.,KINGDOM,Financials,,,
8010,The Company for Cooperative Insurance,TAWUNIYA,Financials,,,
8012,Aljazira Takaful Taawuni Co.,JAZIRA TAKAFUL,Financials,,,
8020,Malath Cooperative Insurance Co.,MALATH INSURANCE,Financials,,,
8030,The Mediterranean and Gulf Insurance and Reinsurance Co.,MEDGULF,Financials,,,
8040,Allianz Saudi Fransi Cooperative Insurance Co.,ALLIANZ SF,Financials,,,
8050,Salama Cooperative Insurance Co.,SALAMA,Financials,,,
8060,Walaa Cooperative Insurance Co.,WALAA,Financials,,,
8070,Arabian Shield Cooperative Insurance Co.,ARABIAN SHIELD,Financials,,,
8080,SABB Takaful Co.,SABB TAKAFUL,Financials,,,
8100,Saudi Arabian Cooperative Insurance Co.,SAICO,Financials,,,
8110,Saudi Indian Company for Cooperative Insurance,WAFA INSURANCE,Financials,,,
8120,Gulf Union Cooperative Insurance Co.,GULF UNION,Financials,,,
8130,Alahli Takaful Co.,ATC,Financials,,,
8140,Al-Ahlia Insurance Co.,ALAHLIA,Financials,,,
8150,Allied Cooperative Insurance Group,ACIG,Financials,,,
8160,Arabia Insurance Cooperative Co.,AICC,Financials,,,
8170,Al-Etihad Cooperative Insurance Co.,ALETIHAD,Financials,,,
8180,Al Sagr Cooperative Insurance Co.,ALSAGR INSURANCE,Financials,,,
8190,United Cooperative Assurance Co.,UCA,Financials,,,
8200,Saudi Re for Cooperative Reinsurance Co.,SAUDI RE,Financials,,,
8210,Bupa Arabia for Cooperative Insurance Co.,BUPA ARABIA,Financials,,,
8230,Al-Rajhi Company for Cooperative Insurance,ALRAJHI TAKAFUL,Financials,,,
8240,CHUBB Arabia Cooperative Insurance Co.,CHUBB,Financials,,,
8250,AXA Cooperative Insurance Co.,AXA COOPERATIVE,Financials,,,
8260,Gulf General Cooperative Insurance Co.,GULF GENERAL,Financials,,,
8270,Buruj Cooperative Insurance Co.,BURUJ,Financials,,,
8280,Al Alamiya for Cooperative Insurance Co.,ALALAMIYA,Financials,,,
8290,Solidarity Saudi Takaful Co.,SOLIDARITY,Financials,,,
8300,Wataniya Insurance Co.,WATANIYA,Financials,,,
8310,Amana Cooperative Insurance Co.,AMANA INSURANCE,Financials,,,
8311,Saudi Enaya Cooperative Insurance Co.,ENAYA,Financials,,,
8312,Alinma Tokio Marine Co.,ALINMA TOKIO M,Financials,,,
7200,Al Moammar Information Systems Co.,MIS,Information Technology,,,
7201,Arab Sea Information System Co.,ARAB SEA,Information Technology,,,
7010,Saudi Telecom Co.,STC,Communication Services,,,
7020,Etihad Etisalat Co.,ETIHAD ETISALAT,Communication Services,,,
7030,Mobile Telecommunication Company Saudi Arabia,ZAIN KSA,Communication Services,,,
7040,Etihad Atheeb Telecommunication Co.,ATHEEB TELECOM,Communication Services,,,
2080,National Gas and Industrialization Co.,GASCO,Utilities,,,
5110,Saudi Electricity Co.,SAUDI ELECTRICITY,Utilities,,,
4330,Riyad REIT Fund,RIYAD REIT,Real Estate,,,
4331,AlJazira Mawten REIT Fund,ALJAZIRA REIT,Real Estate,,,
4332,Jadwa REIT Al Haramain Fund,JADWA REIT ALHARAMAIN,Real Estate,,,
4333,Taleem REIT Fund,TALEEM REIT,Real Estate,,,
4334,AL Maather REIT Fund,AL MAATHER REIT,Real Estate,,,
4335,Musharaka REIT Fund,MUSHARAKA REIT,Real Estate,,,
4336,Mulkia Gulf Real Estate REIT,MULKIA REIT,Real Estate,,,
4337,Al Mashaar REIT,MASHAAR REIT,Real Estate,,,
4338,AlAhli REIT Fund 1,ALAHLI REIT 1,Real Estate,,,
4339,Derayah REIT Fund,DERAYAH REIT,Real Estate,,,
4340,Al Rajhi REIT Fund,Al RAJHI REIT,Real Estate,,,
4342,Jadwa REIT Saudi Fund,JADWA REIT SAUDI,Real Estate,,,
4344,SEDCO Capital REIT Fund,SEDCO CAPITAL REIT,Real Estate,,,
4345,Swicorp Wabel REIT Fund,SWICORP WABEL REIT,Real Estate,,,
4346,MEFIC REIT Fund,MEFIC REIT,Real Estate,,,
4347,Bonyan REIT Fund,BONYAN REIT,Real Estate,,,
4348,Alkhabeer REIT Fund,ALKHABEER REIT,Real Estate,,,
4020,Saudi Real Estate Co.,SRECO,Real Estate,,,
4090,Taiba Investments Co.,TAIBA,Real Estate,,,
4100,Makkah Construction and Development Co.,MCDC,Real Estate,,,
4150,Arriyadh Development Co.,ARDCO,Real Estate,,,
4220,Emaar The Economic City,EMAAR EC,Real Estate,,,
4230,Red Sea International Co.,RED SEA,Real Estate,,,
4250,Jabal Omar Development Co.,JABAL OMAR,Real Estate,,,
4300,Dar Alarkan Real Estate Development Co.,DAR ALARKAN,Real Estate,,,
4310,Knowledge Economic City,KEC,Real Estate,,,
4320,Alandalus Property Co.,ALANDALUS,Real Estate,,,
4321,Arabian Centres Co.,ALMRAKEZ,Real Estate,,,
,,,,,,
